Sport,all_count,age_all_std,age_all_mean,height_all_count,height_all_std,height_all_mean,weight_all_count,weight_all_std,weight_all_mean,weight_met_all_std,weight_met_all_mean,height_met_all_std,height_met_all_mean,weight_emp_all_std,weight_emp_all_mean,height_emp_all_std,height_emp_all_mean,winner_count,age_winner_mean,age_winner_std,height_winner_count,height_winner_mean,height_winner_std,weight_winner_count,weight_winner_mean,weight_winner_std,weight_met_winner_mean,weight_met_winner_std,height_met_winner_mean,height_met_winner_std,weight_emp_winner_mean,weight_emp_winner_std,height_emp_winner_mean,height_emp_winner_std,pct_athletes_winners,pct_total_medals,weight_winner_z_score,age_winner_z_score,height_winner_z_score
Alpine Skiing,6322.0,3.944299781693414,23.338184118949698,6322.0,7.856273877472151,173.51692502372666,6322.0,11.29118744218199,72.08264789623537,11.29118744218199,72.08264789623537,7.856273877472151,173.51692502372666,24.89280726201843,158.91503619128324,3.093022881834675,68.31378689876745,354.0,24.508474576271187,3.8419462785894223,354.0,173.6581920903955,7.746266804946867,354.0,72.78248587570621,12.035152880253523,72.78248587570621,12.035152880253523,173.6581920903955,7.746266804946867,160.45791483242084,26.53297029662836,68.3694038841808,3.049712987374384,0.055994938310661185,0.011745578818142605,0.0,0.0,0.0
Archery,1883.0,6.712388585552815,26.272968667020713,1883.0,8.477095702042728,173.24960169941582,1883.0,12.929067163033427,70.01486988847584,12.929067163033427,70.01486988847584,8.477095702042728,173.24960169941582,28.50371394639502,154.35636601851718,3.337441054989923,68.20854143866171,206.0,24.79126213592233,5.599662129112601,206.0,173.3495145631068,7.998425135065666,206.0,70.83252427184466,13.107523828475081,70.83252427184466,13.107523828475081,173.3495145631068,7.998425135065666,156.1589853689064,28.897143548038716,68.2478772330097,3.1489879741004883,0.10939989378651088,0.006834997843325924,0.0,0.0,0.0
Athletics,32374.0,4.407143983124896,25.330203249521222,32374.0,9.334547419413779,176.27645641564217,32374.0,15.420489518642363,69.27373818496324,15.420489518642363,69.27373818496324,9.334547419413779,176.27645641564217,33.99636003202877,152.72245029922038,3.675020653570595,69.40021716728884,3648.0,25.09950657894737,4.04745903329791,3648.0,177.62746710526315,9.115514482266274,3648.0,71.51315789473684,15.784866642520045,71.51315789473684,15.784866642520045,177.62746710526315,9.115514482266274,157.65952565109174,34.79967408219593,69.93211142680839,3.588787167182706,0.11268301723605362,0.12103918510899499,0.0,0.0,0.0
Badminton,1362.0,3.8830894214785854,25.80029368575624,1362.0,8.538623864850663,174.2202643171806,1362.0,9.389667080937757,68.17143906020559,9.389667080937757,68.17143906020559,8.538623864850663,174.2202643171806,20.70067245780618,150.29229671278918,3.3616647542155804,68.59069228193832,154.0,25.493506493506494,3.34751249612638,154.0,174.5909090909091,7.691446430143026,154.0,67.83766233766234,7.92404364590658,67.83766233766234,7.92404364590658,174.5909090909091,7.691446430143026,149.55644499964035,17.46952587789618,68.7366155,3.0281301509937375,0.1130690161527166,0.005109658581903846,0.0,0.0,0.0
Baseball,846.0,4.550422377182453,26.3096926713948,846.0,6.785222332389877,182.59929078014184,846.0,9.67012194032098,85.71808510638297,9.67012194032098,85.71808510638297,6.785222332389877,182.59929078014184,21.318969585196143,188.97602952290967,2.6713488174842235,71.88952337943256,333.0,26.255255255255257,4.369701026173585,333.0,182.42942942942943,6.590334194405513,333.0,85.77777777777777,9.858877040141902,85.77777777777777,9.858877040141902,182.42942942942943,6.590334194405513,189.1076293366222,21.73510334824148,71.82264879579583,2.594621162671643,0.39361702127659576,0.011048807193337536,0.0,0.0,0.0
Basketball,3668.0,3.9065723070964227,25.453925845147218,3668.0,11.49388015679284,191.22655398037077,3668.0,14.827003572530076,85.80179934569247,14.827003572530076,85.80179934569247,11.49388015679284,191.22655398037077,32.68794748950924,189.16058782865755,4.525152111609501,75.28608552862605,1000.0,25.297,3.942630509613516,1000.0,192.153,12.106203003053892,1000.0,86.692,15.701263186943452,86.692,15.701263186943452,192.153,12.106203003053892,191.12314432908562,34.6153600127711,75.650828253,4.766224228505325,0.27262813522355506,0.0331796011811938,0.0,0.0,0.0
Beach Volleyball,538.0,4.198318098004011,29.135687732342006,538.0,9.377944365136752,186.20260223048328,538.0,12.246666971196174,79.08921933085502,12.246666971196174,79.08921933085502,9.377944365136752,186.20260223048328,26.99927904634999,174.36188207730464,3.692106074498708,73.30815070074352,68.0,29.61764705882353,4.125021616459708,68.0,186.8235294117647,9.803960784235292,68.0,79.63235294117646,12.672575174178885,79.63235294117646,12.672575174178885,186.8235294117647,9.803960784235292,175.55928672127956,27.938245905455837,73.55261035294116,3.8598291647142244,0.12639405204460966,0.0022562128803211784,0.0,0.0,0.0
Biathlon,4615.0,4.241076017120314,26.6578548212351,4615.0,8.470882826762544,174.05200433369447,4615.0,9.543594726528505,66.6314192849404,9.543594726528505,66.6314192849404,8.470882826762544,174.05200433369447,21.04002482739592,146.89713427822045,3.334995039779241,68.52444815817981,388.0,27.012886597938145,4.054835874804658,388.0,174.52835051546393,7.988474925734908,388.0,66.92912371134021,8.94409870002089,66.92912371134021,8.94409870002089,174.52835051546393,7.988474925734908,147.55346019127134,19.718362325678022,68.71198612628876,3.14507056673676,0.08407367280606717,0.012873685258303196,0.0,0.0,0.0
Bobsleigh,2205.0,4.92222224498222,28.650793650793652,2205.0,6.6020275539167965,181.60861678004534,2205.0,10.630713725592914,89.16167800453515,10.630713725592914,89.16167800453515,6.6020275539167965,181.60861678004534,23.436711965321912,196.56785232644572,2.5992248500045916,71.49949403492079,283.0,29.3321554770318,4.263808350465583,283.0,182.20848056537102,6.801830074618344,283.0,90.07773851590106,11.473109132463884,90.07773851590106,11.473109132463884,182.20848056537102,6.801830074618344,198.58742005274055,25.293875935810046,71.73566100706715,2.6778873022073175,0.12834467120181406,0.009389827134277846,0.0,0.0,0.0
Boxing,4363.0,3.411160500804212,23.286729314691726,4363.0,9.473090195570263,172.86752234700893,4363.0,13.103848307481714,65.31423332569334,13.103848307481714,65.31423332569334,9.473090195570263,172.86752234700893,28.8890404113099,143.99323631534534,3.729565083086199,68.05811641554007,708.0,23.323446327683616,3.3046473621345553,708.0,174.3093220338983,10.203118090854446,708.0,67.44562146892656,14.527867014155275,67.44562146892656,14.527867014155275,174.3093220338983,10.203118090854446,148.69214283175535,32.028464265908774,68.62575439406777,4.0169777954874855,0.16227366490946596,0.02349115763628521,0.0,0.0,0.0
Canoeing,5550.0,4.478488854130431,25.410990990990992,5550.0,8.18684371504843,178.55207207207206,5550.0,9.849595644561122,76.49207207207208,9.849595644561122,76.49207207207208,8.18684371504843,178.55207207207206,21.714641373582168,168.63615247844425,3.2231685574582833,70.29612932684792,1041.0,25.866474543707973,4.253781119099467,1041.0,179.5196926032661,8.148846443942531,1041.0,78.02785782901057,10.168375377145411,78.02785782901057,10.168375377145411,179.5196926032661,8.148846443942531,172.02198050043097,22.417430383408885,70.67708249759859,3.208208993826616,0.18756756756756757,0.034539964829622745,0.0,0.0,0.0
Cross Country Skiing,7529.0,4.270675977427133,26.088723602071987,7529.0,8.22986168668765,173.2637800504715,7529.0,9.112955096090134,65.88046221277726,9.112955096090134,65.88046221277726,8.22986168668765,173.2637800504715,20.090626956287903,145.24155732892746,3.2401047759106207,68.21412346965201,687.0,27.685589519650655,3.9634053694777984,687.0,173.31149927219795,9.058229120766367,687.0,65.82314410480349,9.874892478931464,65.82314410480349,9.874892478931464,173.31149927219795,9.058229120766367,145.11519253145127,21.770411346894985,68.23291057496371,3.566233863074837,0.0912471775800239,0.022794386011480143,0.0,0.0,0.0
Curling,410.0,6.801472445843628,31.13658536585366,410.0,8.614451354501115,174.16829268292682,410.0,12.273063494600235,72.13170731707316,12.273063494600235,72.13170731707316,8.614451354501115,174.16829268292682,27.05747341898347,159.02319370027607,3.3915181127184444,68.57023099756108,131.0,32.13740458015267,6.202683487229383,131.0,174.26717557251908,8.360920475163846,131.0,73.38931297709924,11.756878522860216,73.38931297709924,11.756878522860216,174.26717557251908,8.360920475163846,161.79573958767335,25.919480353252197,68.60916129007634,3.291702751992482,0.3195121951219512,0.004346527754736388,0.0,0.0,0.0
Cycling,7775.0,4.4877737186349655,25.10379421221865,7775.0,7.723166596016821,176.19408360128617,7775.0,9.165964500279605,70.11176848874598,9.165964500279605,70.11176848874598,7.723166596016821,176.19408360128617,20.207492687932184,154.56999086469241,3.04061841201842,69.36778690791117,845.0,25.244970414201184,4.489362245350304,845.0,177.86153846153846,7.259476565152629,845.0,73.16923076923077,9.37431198107272,73.16923076923077,9.37431198107272,177.86153846153846,7.259476565152629,161.31054137355056,20.666820257283693,70.02426555384612,2.858063183177149,0.10868167202572347,0.028036762998108762,0.0,0.0,0.0
Diving,2011.0,4.12570986011207,22.252113376429637,2011.0,7.879189311167848,166.6618597712581,2011.0,9.341177059573075,60.56961710591745,9.341177059573075,60.56961710591745,7.879189311167848,166.6618597712581,20.593770259774,133.53314806546973,3.102044710996095,65.61494085380433,318.0,22.468553459119498,4.279356040543808,318.0,165.874213836478,8.069291509688153,318.0,58.69496855345912,9.736498692103972,58.69496855345912,9.736498692103972,165.874213836478,8.069291509688153,129.40025545879558,21.465305273738544,65.30484386163522,3.1768881366557356,0.1581302834410741,0.010551113175619629,0.0,0.0,0.0
Equestrianism,4553.0,8.604414814299428,34.11794421260707,4553.0,7.656166199365307,174.397100812651,4553.0,8.565732322506685,67.80397540083462,8.565732322506685,67.80397540083462,7.656166199365307,174.397100812651,18.8842072504817,149.48217801665066,3.014240288856313,68.66031298704151,663.0,35.31523378582202,8.345731414202769,663.0,175.44645550527903,7.538606493958371,663.0,68.28355957767722,8.471980724771585,68.28355957767722,8.471980724771585,175.44645550527903,7.538606493958371,150.53948014197516,18.67752035728501,69.07344497888383,2.9679569152779055,0.14561827366571492,0.02199807558313149,0.0,0.0,0.0
Fencing,6537.0,5.3335119122960855,26.913721890775584,6537.0,8.489238277541933,177.29554841670492,6537.0,9.987401815020217,71.38848095456632,9.987401815020217,71.38848095456632,8.489238277541933,177.29554841670492,22.01845197439999,157.38466004837423,3.342221599106544,69.80143470720667,1109.0,27.153291253381425,5.035070192897553,1109.0,178.02524797114518,8.217776642094698,1109.0,72.14066726780884,10.169682056404667,72.14066726780884,10.169682056404667,178.02524797114518,8.217776642094698,159.042947010358,22.420311118063264,70.08871815148787,3.2353468817693245,0.16964968640048952,0.03679617770994393,0.0,0.0,0.0
Figure Skating,1512.0,4.412780172664566,22.21494708994709,1512.0,10.009245159083072,168.14880952380952,1512.0,11.72729847331473,59.54365079365079,11.72729847331473,59.54365079365079,10.009245159083072,168.14880952380952,25.854267506870247,131.27127952424206,3.940649828376162,66.20035445833331,249.0,24.140562248995984,4.620291989658027,249.0,168.4738955823293,10.105507984168101,249.0,60.23694779116466,12.320488456540476,60.23694779116466,12.320488456540476,168.4738955823293,10.105507984168101,132.79973776858702,27.162027562914897,66.32834116465857,3.978548598874966,0.16468253968253968,0.008261720694117257,0.0,0.0,0.0
Football,4443.0,3.5013105303119563,23.578663065496286,4443.0,7.907598801814004,175.43641683547153,4443.0,8.447103080069375,70.47614224623003,8.447103080069375,70.47614224623003,7.907598801814004,175.43641683547153,18.62267453899739,155.37329749323328,3.113229555872972,69.06949274454172,1084.0,24.22140221402214,3.6320700746769075,1084.0,175.4760147601476,7.399456967907258,1084.0,70.73616236162361,8.322368174768705,70.73616236162361,8.322368174768705,175.4760147601476,7.399456967907258,155.9465437217529,18.347681145043456,69.0850824870849,2.913173607722054,0.24397929327031284,0.03596668768041408,0.0,0.0,0.0
Freestyle Skiing,913.0,4.6200285001680115,24.41949616648412,913.0,8.479904401306138,170.9408543263965,913.0,11.107039639465617,67.02683461117196,11.107039639465617,67.02683461117196,8.479904401306138,170.9408543263965,24.486830850395204,147.7688758514366,3.338546842698618,67.29958528915668,102.0,24.931372549019606,3.7051203636775396,102.0,170.72549019607843,8.520397032938831,102.0,67.36274509803921,11.446422084146691,67.36274509803921,11.446422084146691,170.72549019607843,8.520397032938831,148.5094317096844,25.2350410653809,67.21479621568629,3.35448883226505,0.11171960569550932,0.0033843193204817676,0.0,0.0,0.0
Golf,108.0,7.186598379044308,29.583333333333332,108.0,8.544970930930859,174.0462962962963,108.0,11.64302232443759,71.19444444444444,11.64302232443759,71.19444444444444,8.544970930930859,174.0462962962963,25.66847040257753,156.95688276870558,3.364163600478412,68.52220089814817,4.0,33.0,7.023769168568493,4.0,179.75,12.606215398233788,4.0,80.5,10.344080432788601,80.5,10.344080432788601,179.75,12.606215398233788,177.4721210549,22.804793723844472,70.76775475,4.963079608500044,0.037037037037037035,0.00013271840472477522,0.0,0.0,0.0
Gymnastics,18271.0,4.3436501785087565,21.688358601061793,18271.0,8.279994121951711,162.85966832685676,18271.0,9.814195742893476,56.88511849378797,9.814195742893476,56.88511849378797,8.279994121951711,162.85966832685676,21.63659794955615,125.41021907517738,3.2598419658065003,64.11801427995023,1161.0,21.810508182601207,4.405160747015374,1161.0,161.25409130060294,8.24171700527901,1161.0,55.069336778639105,9.927155736930674,55.069336778639105,9.927155736930674,161.25409130060294,8.24171700527901,121.40710562971054,21.885632107769005,63.48589699913887,3.2447722266953556,0.06354332001532483,0.03852151697136601,0.0,0.0,0.0
Handball,3319.0,4.141760491876805,26.492618258511598,3319.0,9.67265390663793,183.48357939138296,3319.0,13.28363677891107,81.50346489906599,13.28363677891107,81.50346489906599,9.67265390663793,183.48357939138296,29.285406142561847,179.68438247156226,3.8081335156972633,72.23766868996695,937.0,26.633938100320172,4.196742831482558,937.0,183.23906083244398,10.467616442572618,937.0,81.15795090715048,14.164276693791008,81.15795090715048,14.164276693791008,183.23906083244398,10.467616442572618,178.9226545088378,31.226884820566163,72.14140148879402,4.121111061057289,0.2823139499849352,0.031089286306778593,0.0,0.0,0.0
Hockey,4264.0,3.9218621212432487,25.64751407129456,4264.0,8.35712412909965,173.38789868667916,4264.0,9.533711158110007,69.16486866791745,9.533711158110007,69.16486866791745,8.35712412909965,173.38789868667916,21.018235288876408,152.48243409911603,3.290208126750665,68.26298910084422,1168.0,25.749143835616437,3.708243571947622,1168.0,173.65753424657535,8.596396970409288,1168.0,69.1875,9.961448288964341,69.1875,9.961448288964341,173.65753424657535,8.596396970409288,152.53232764578723,21.961234243741657,68.36914489041096,3.384410083647113,0.27392120075046905,0.03875377417963436,0.0,0.0,0.0
Ice Hockey,4579.0,4.390752187858656,25.844944310984932,4579.0,7.829202048860487,178.92312732037564,4579.0,10.755934882809978,80.83773749727014,10.755934882809978,80.83773749727014,7.829202048860487,178.92312732037564,23.7127773612506,178.21670478161022,3.082364675838423,70.44221414915982,1301.0,25.820906994619524,4.361480987863777,1301.0,178.78862413528054,7.722538026263029,1301.0,80.88009223674096,10.456219878394492,80.88009223674096,10.456219878394492,178.78862413528054,7.722538026263029,178.31008099838996,23.052018882423337,70.38926011068423,3.040370943477789,0.2841231709980345,0.043166661136733134,0.0,0.0,0.0
Judo,3366.0,3.9081734878510566,25.41027926322044,3366.0,10.497370919772466,174.16488413547236,3366.0,21.44576648099884,78.8201128936423,21.44576648099884,78.8201128936423,10.497370919772466,174.16488413547236,47.27982192585025,173.7686039381536,4.132825428485333,68.5688890490194,526.0,25.245247148288975,3.2727920562668325,526.0,173.84980988593156,11.056490012312182,526.0,80.10931558935361,22.59464598837994,80.10931558935361,22.59464598837994,173.84980988593156,11.056490012312182,176.61080936520412,49.812667677545065,68.44484400190123,4.3529511743373215,0.1562685680332739,0.01745247022130794,0.0,0.0,0.0
Luge,1377.0,4.885496346882628,24.686274509803923,1377.0,7.548060519308793,176.65504720406682,1377.0,10.364543911756325,77.28249818445897,10.364543911756325,77.28249818445897,7.548060519308793,176.65504720406682,22.849907972497437,170.37874376667574,2.9716789745123915,69.54926873928834,178.0,25.882022471910112,4.6007383784139275,178.0,178.25280898876406,6.633089281845652,178.0,79.20786516853933,9.811013351706718,79.20786516853933,9.811013351706718,178.25280898876406,6.633089281845652,174.6234513750461,21.629581977954473,70.17830915168541,2.6114538833519174,0.12926652142338416,0.005905969010252496,0.0,0.0,0.0
Modern Pentathlon,1259.0,4.072878291618716,26.11914217633042,1259.0,6.600778550144587,178.08260524225577,1259.0,7.2620675559842445,70.28157267672756,7.2620675559842445,70.28157267672756,6.600778550144587,178.08260524225577,16.0101184149627,154.94434501879468,2.59873311597047,70.11129976648127,153.0,27.15686274509804,3.748890444726742,153.0,179.52287581699346,5.761812771351445,153.0,71.59477124183006,6.54808922359952,71.59477124183006,6.54808922359952,179.52287581699346,5.761812771351445,157.8394522823347,14.436065631912298,70.67833573202613,2.268431449893837,0.12152501985702939,0.005076478980722652,0.0,0.0,0.0
Nordic Combined,1065.0,3.8516341926930777,24.07793427230047,1065.0,5.815532867692456,176.53521126760563,1065.0,5.760062186258538,66.91596244131455,5.760062186258538,66.91596244131455,5.815532867692456,176.53521126760563,12.69876339880032,147.52444455764126,2.289581105543391,69.50208921126745,137.0,24.905109489051096,3.7532010096458137,137.0,178.34306569343065,5.942664727361722,137.0,67.18978102189782,5.927916069099179,67.18978102189782,5.927916069099179,178.34306569343065,5.942664727361722,148.12811119466414,13.068817866067777,70.21384330656934,2.3396330458270342,0.12863849765258217,0.004545605361823551,0.0,0.0,0.0
Rhythmic Gymnastics,615.0,2.5064604959143044,18.808130081300813,615.0,5.3939562882453105,167.7951219512195,615.0,5.1772905857070075,48.760975609756095,5.1772905857070075,48.760975609756095,5.3939562882453105,167.7951219512195,11.413971944881844,107.4995498903064,2.1236059846384685,66.06110730731713,124.0,18.911290322580644,2.527932079379185,124.0,170.6048387096774,4.976070458659746,124.0,49.306451612903224,5.532134387722204,49.306451612903224,5.532134387722204,170.6048387096774,4.976070458659746,108.70211862649356,12.196268618010059,67.16729560483876,1.9590839156448037,0.2016260162601626,0.004114270546468031,0.0,0.0,0.0
Rowing,7790.0,4.36137762581583,25.413607188703466,7790.0,9.908795055024655,184.26598202824132,7790.0,13.145006384313096,80.1688703465982,13.145006384313096,80.1688703465982,9.908795055024655,184.26598202824132,28.979778438562022,176.74210513025912,3.901102521958263,72.54570139050251,2104.0,25.879752851711025,4.326025008973134,2104.0,184.63117870722434,10.306980831668751,2104.0,80.86359315589354,13.55181232623895,80.86359315589354,13.55181232623895,184.63117870722434,10.306980831668751,178.27370675151468,29.876632020814505,72.68947968821323,4.057868660408821,0.27008985879332476,0.06980988088523175,0.0,0.0,0.0
Rugby Sevens,297.0,3.7543041092590452,26.08080808080808,297.0,10.185231636489346,175.36363636363637,297.0,14.66103340306884,79.006734006734,14.66103340306884,79.006734006734,10.185231636489346,175.36363636363637,32.32204589937103,174.1800330657812,4.009935880517491,69.04083899999998,74.0,25.33783783783784,3.048813050096561,74.0,176.59459459459458,9.440395451025932,74.0,81.25675675675676,13.820830824510812,81.25675675675676,13.820830824510812,176.59459459459458,9.440395451025932,179.1404841200459,30.469716287787282,69.52546848648649,3.7166931294643613,0.24915824915824916,0.0024552904874083413,0.0,0.0,0.0
Sailing,4863.0,7.127755115162592,29.413530742340118,4863.0,8.120181853198513,178.2704092124203,4863.0,12.554784464389888,75.98046473370347,12.554784464389888,75.98046473370347,8.120181853198513,178.2704092124203,27.678561842017164,167.50825136679907,3.1969237157861006,70.18523837733974,677.0,30.0192023633678,6.817219579475733,677.0,179.39290989660265,7.824393464545548,677.0,77.5096011816839,13.198147821031455,77.5096011816839,13.198147821031455,179.39290989660265,7.824393464545548,170.87942017183607,29.09693525210633,70.62716801920237,3.0804715313850495,0.13921447666049763,0.022462589999668204,0.0,0.0,0.0
Shooting,7260.0,8.097585300696299,32.01129476584022,7260.0,8.212483630208224,173.54159779614326,7260.0,13.34834247514993,74.03684573002755,13.34834247514993,74.03684573002755,8.212483630208224,173.54159779614326,29.42805778424934,163.22330494313238,3.233263017696613,68.32350059394105,542.0,30.20110701107011,7.031889250034922,542.0,173.70110701107012,8.05613155949364,542.0,74.88560885608857,12.79143860437361,74.88560885608857,12.79143860437361,173.70110701107012,8.05613155949364,165.0945073313992,28.20029491256786,68.38629953136535,3.1717070511042067,0.0746556473829201,0.01798334384020704,0.0,0.0,0.0
Short Track Speed Skating,1488.0,3.7754729322759353,22.836021505376344,1488.0,7.932193305400607,170.10819892473117,1488.0,9.247350315768868,64.31048387096774,9.247350315768868,64.31048387096774,7.932193305400607,170.10819892473117,20.38691769785344,141.7803475608398,3.1229124365295164,66.97176802486534,274.0,22.514598540145986,3.8774456329875755,274.0,169.68613138686132,6.281844092206638,274.0,64.0948905109489,7.760974233318864,64.0948905109489,7.760974233318864,169.68613138686132,6.281844092206638,141.30504556223218,17.110019361981667,66.80559961313861,2.4731683009458423,0.18413978494623656,0.009091210723647101,0.0,0.0,0.0
Skeleton,174.0,5.399023847672871,29.028735632183906,174.0,8.895104395144465,176.22413793103448,174.0,12.390133746581949,74.16666666666667,12.390133746581949,74.16666666666667,8.895104395144465,176.22413793103448,27.315569144842154,163.50951111683338,3.502011495472768,69.37961932758621,24.0,28.958333333333332,4.759239678650423,24.0,175.70833333333334,9.043273583246796,24.0,71.08333333333333,13.03145581198471,71.08333333333333,13.03145581198471,175.70833333333334,9.043273583246796,156.71192469961667,28.729442278088587,69.17654654166668,3.5603458529978442,0.13793103448275862,0.0007963104283486512,0.0,0.0,0.0
Ski Jumping,1966.0,3.99730779484442,23.216683621566634,1966.0,6.5721865727597795,176.49847405900306,1966.0,6.509253133805077,65.08723296032554,6.509253133805077,65.08723296032554,6.5721865727597795,176.49847405900306,14.350446709809217,143.49278617470014,2.587476425882102,69.48762573550368,175.0,23.725714285714286,4.152851316364365,175.0,177.26285714285714,6.151305146731887,175.0,62.92,6.259650021431277,62.92,6.259650021431277,177.26285714285714,6.151305146731887,138.7148553636561,13.800166041798247,69.78856412000005,2.4217749875734906,0.08901322482197355,0.005806430206708915,0.0,0.0,0.0
Snowboarding,924.0,4.629142545942048,24.872294372294373,924.0,8.623600638487478,173.04329004329006,924.0,11.517960142446379,69.52705627705627,11.517960142446379,69.52705627705627,8.623600638487478,173.04329004329006,25.392755487028023,153.2809210955601,3.3951201949731575,68.1273163333334,89.0,24.719101123595507,4.269311111251769,89.0,173.56179775280899,8.78396661301892,89.0,69.57303370786516,12.112997940275712,69.57303370786516,12.112997940275712,173.56179775280899,8.78396661301892,153.3822839796135,26.70458927694864,68.33145333707863,3.458256439512168,0.09632034632034632,0.002952984505126248,0.0,0.0,0.0
Softball,441.0,4.2474239467549415,26.22902494331066,441.0,6.6335921983903585,169.42857142857142,441.0,9.412020323599014,67.47165532879819,9.412020323599014,67.47165532879819,6.6335921983903585,169.42857142857142,20.749952922247747,148.7495376681611,2.611651882098486,66.704198,172.0,26.819767441860463,4.3255076372455346,172.0,171.0174418604651,6.649516393802921,172.0,69.84302325581395,10.832796647409861,69.84302325581395,10.832796647409861,171.0174418604651,6.649516393802921,153.97750904467102,23.882228546238977,67.32973787790694,2.6179212537566046,0.3900226757369615,0.005706891403165334,0.0,0.0,0.0
Speed Skating,4400.0,4.149670547069709,24.215454545454545,4400.0,8.855606522358377,174.0925,4400.0,9.914894272021545,70.03011363636364,9.914894272021545,70.03011363636364,8.855606522358377,174.0925,21.85860020485384,154.38997272995047,3.4864611434590325,68.54039134250016,488.0,25.325819672131146,3.9256945061358803,488.0,175.20901639344262,8.826723508820711,488.0,71.24590163934427,10.088366427378457,71.24590163934427,10.088366427378457,175.20901639344262,8.826723508820711,157.0703264646359,22.241040842806203,68.97996496311478,3.4750898721462216,0.11090909090909092,0.016191645376422575,0.0,0.0,0.0
Swimming,18776.0,3.7456591105297616,20.6228696207925,18776.0,9.888285199562015,178.60284405624202,18776.0,11.329306276646161,70.5977844056242,11.329306276646161,70.5977844056242,9.888285199562015,178.60284405624202,24.976844906794785,155.64147254959585,3.8930277713527754,70.31611830778412,2486.0,21.0402252614642,3.6823565126777424,2486.0,181.11102172164118,9.681348784526723,2486.0,73.25804505229284,11.520032662927262,73.25804505229284,11.520032662927262,181.11102172164118,9.681348784526723,161.50634335112855,25.397324612564358,71.30359036283164,3.8115566978169513,0.1324030677460588,0.0824844885364478,0.0,0.0,0.0
Synchronized Swimming,849.0,3.4340254240689614,22.48527679623086,849.0,4.99695247926672,168.489988221437,849.0,4.8304347614312535,55.85630153121319,4.8304347614312535,55.85630153121319,4.99695247926672,168.489988221437,10.649285748180427,123.14206592579457,1.9673051880397816,66.33467685276801,214.0,23.817757009345794,3.044191362030245,214.0,168.8644859813084,5.2492208648137515,214.0,56.38317757009346,5.482614193999583,56.38317757009346,5.482614193999583,168.8644859813084,5.2492208648137515,124.3036287599944,12.087095278693264,66.48211699532708,2.0666235036980383,0.25206124852767964,0.0071004346527754735,0.0,0.0,0.0
Table Tennis,1789.0,5.731493201441801,26.623812185578537,1789.0,9.116594594347463,171.25377305757405,1789.0,9.990797933958067,64.91503633314701,9.990797933958067,64.91503633314701,9.116594594347463,171.25377305757405,22.025939135036616,143.11315759502477,3.5892124083891845,67.42278170653987,163.0,24.791411042944784,3.8207587439386277,163.0,170.30061349693253,8.67103520193237,163.0,63.38036809815951,8.91815223966491,63.38036809815951,8.91815223966491,170.30061349693253,8.67103520193237,139.72979328721343,19.661160172221592,67.04752183435578,3.413795230035965,0.09111235326998324,0.0054082749925345895,0.0,0.0,0.0
Taekwondo,596.0,4.068283838855349,24.083892617449663,596.0,10.038894947388682,176.75,596.0,13.524588589058794,68.08808724832215,13.524588589058794,68.08808724832215,10.038894947388682,176.75,29.816613953977154,150.1085374227436,3.9523229796818686,69.58665174999996,144.0,23.45138888888889,3.270614794564034,144.0,178.55555555555554,10.515907216417638,144.0,68.72222222222223,13.648660604100911,68.72222222222223,13.648660604100911,178.55555555555554,10.515907216417638,151.50656573147774,30.090145925071326,70.2975007777778,4.140123187010842,0.24161073825503357,0.004777862570091908,0.0,0.0,0.0
Tennis,2008.0,4.3703763200109735,25.099601593625497,2008.0,9.105120916443154,178.91583665338646,2008.0,10.620521201147874,70.80229083665338,10.620521201147874,70.80229083665338,9.105120916443154,178.91583665338646,23.414241295357126,156.09233205374915,3.584695209924583,70.43934380627462,173.0,25.92485549132948,4.426415895787947,173.0,180.4277456647399,8.906604167436797,173.0,72.05780346820809,10.51229124597585,72.05780346820809,10.51229124597585,180.4277456647399,8.906604167436797,158.86026360323004,23.17563508782846,71.03458389595377,3.5065389673240333,0.08615537848605578,0.005740071004346528,0.0,0.0,0.0
Trampolining,149.0,4.508854179014706,25.16778523489933,149.0,7.055113295823494,166.56375838926175,149.0,8.197122481581683,59.32214765100671,8.197122481581683,59.32214765100671,7.055113295823494,166.56375838926175,18.07156165656034,130.7829486851691,2.777605159679009,65.57631824161075,29.0,23.96551724137931,3.840412539416358,29.0,166.31034482758622,7.041222744239098,29.0,59.13793103448276,9.257136775525582,59.13793103448276,9.257136775525582,166.31034482758622,7.041222744239098,130.37682056506895,20.408493148420412,65.47654906896551,2.7721364356296885,0.19463087248322147,0.0009622084342546202,0.0,0.0,0.0
Triathlon,526.0,4.207937629180559,27.893536121673005,526.0,8.82173607291748,173.6406844106464,526.0,8.684356936738116,61.81749049429658,8.684356936738116,61.81749049429658,8.82173607291748,173.6406844106464,19.145729758518595,136.28423796663265,3.4731263136436885,68.36251109315587,30.0,28.2,3.7453419345764085,30.0,174.93333333333334,8.220803439774135,30.0,62.46666666666667,8.24927722365079,62.46666666666667,8.24927722365079,174.93333333333334,8.220803439774135,137.71542644177333,18.186543180760026,68.87142826666667,3.2365385350425186,0.057034220532319393,0.000995388035435814,0.0,0.0,0.0
Volleyball,3277.0,4.048348212859836,25.237107110161734,3277.0,10.457594280131211,186.97894415624046,3277.0,11.703478942958627,78.90021361000916,11.703478942958627,78.90021361000916,10.457594280131211,186.97894415624046,25.801754431406586,173.94519578947754,4.117165325681938,73.61379729325594,958.0,25.768267223382047,4.024033769496328,958.0,186.8820459290188,10.776618095960577,958.0,79.60020876826722,11.399457353775661,79.60020876826722,11.399457353775661,186.8820459290188,10.776618095960577,175.48842095052487,25.131501558378186,73.57564836430059,4.242765320997775,0.2923405553860238,0.031786057931583664,0.0,0.0,0.0
Water Polo,2719.0,4.298579404323171,25.705774181684443,2719.0,8.405875599758824,185.03604266274365,2719.0,12.120942757006684,84.56822361162192,12.120942757006684,84.56822361162192,8.405875599758824,185.03604266274365,26.72210459963981,186.44101885962243,3.3094016295006434,72.84887503236479,764.0,25.968586387434556,4.05487362269974,764.0,185.56413612565444,9.005885459484912,764.0,85.55497382198953,12.770003510001372,85.55497382198953,12.770003510001372,185.56413612565444,9.005885459484912,188.61643069546506,28.153038618614445,73.05678595680631,3.5456261112846708,0.2809856564913571,0.025349215302432063,0.0,0.0,0.0
Weightlifting,2974.0,4.198284586120188,25.288836583725622,2974.0,9.973936368347516,167.80531271015468,2974.0,23.836708356807993,79.61281102891728,23.836708356807993,79.61281102891728,9.973936368347516,167.80531271015468,52.550946472668095,175.51620417943798,3.9267487221547843,66.06511941930046,532.0,25.028195488721803,3.9014645634030773,532.0,167.4266917293233,10.688901699576451,532.0,81.21898496240601,26.01610171599405,81.21898496240601,26.01610171599405,167.4266917293233,10.688901699576451,179.05721156775442,57.35568637413031,65.91605596052636,4.208231288024949,0.1788836583725622,0.017651547828395103,0.0,0.0,0.0
Wrestling,5186.0,3.934332734341477,25.68106440416506,5186.0,10.128756409372322,172.41843424604704,5186.0,20.149454697165847,75.60277670651755,20.149454697165847,75.60277670651755,10.128756409372322,172.41843424604704,44.421943642306154,166.67559179808302,3.9877015271262914,67.88130998110363,967.0,25.924508790072387,3.5580790670946265,967.0,172.7456049638056,10.599202029668609,967.0,76.65770423991727,21.011056443231876,76.65770423991727,21.011056443231876,172.7456049638056,10.599202029668609,169.00130890257537,46.32145034266563,68.01011741985532,4.17291643828256,0.1864635557269572,0.0320846743422144,0.0,0.0,0.0
Average Olympian,,,,,,,,,,,,,,,,,,,25.055508937016466,,,,,,,,70.68833701161691,,175.3719496519778,,155.84110687323286,,69.0441119499333,,2.0,,,,
Person,0.0,0.0,0.0,0.0,0.0,0.0,0.0,0.0,0.0,0.0,0.0,0.0,0.0,0.0,0.0,0.0,0.0,0.0,0.0,0.0,0.0,0.0,0.0,0.0,0.0,0.0,0.0,0.0,0.0,0.0,0.0,0.0,0.0,0.0,2.0,0.0,0.0,0.0,0.0
